"Language","original","english","french","russian",
"AX50S_00","Accuracy International AX50","Accuracy International AX50","Accuracy International AX50","Accuracy International AX50",
"AX50S_01","In February 2009, the US SOCOM (United States Special Operations Command) announced a tender for the development and delivery of a new PSR (Precision Sniper Rifle) sniper rifle. Among others, the well-known British company "Accuracy International" (AI) took part in the competition, presenting in early 2010 a new rifle of the "AX" model range. Uses .50BMG "cartridge","In February 2009, the US SOCOM (United States Special Operations Command) announced a tender for the development and delivery of a new PSR (Precision Sniper Rifle) sniper rifle. Among others, the well-known British company "Accuracy International" (AI) took part in the competition, presenting in early 2010 a new rifle of the "AX" model range. Uses .50BMG "cartridge","En février 2009, l'US SOCOM (United States Special Operations Command) a annoncé un appel d'offres pour le développement et la livraison d'un nouveau fusil de précision PSR (Precision Sniper Rifle). Entre autres, la célèbre société britannique "Accuracy International" (AI) a participé au concours en présentant début 2010 un nouveau fusil de la gamme de modèles "AX". Utilise .50BMG "cartouche","В феврале 2009 года US SOCOM (Командование специальных операций США) объявило тендер на разработку и поставку новой снайперской винтовки PSR (Precision Sniper Rifle). В конкурсе приняла участие, в том числе, известная британская компания Accuracy International (AI), представив в начале 2010 года новую винтовку из модельного ряда «AX». Используйте патрон .50BMG ",
"M60_01","American single machine gun, developed in the post-war years and adopted by the Army and Marine Corps in 1957. For design flaws and appearance, he received the nickname English. the pig - "pig". Uses cartridge 7.62x51 (308win)","American single machine gun, developed in the post-war years and adopted by the Army and Marine Corps in 1957. For design flaws and appearance, he received the nickname English. the pig - "pig". Uses cartridge 7.62x51 (308win)","Mitrailleuse américaine unique, développée dans les années d'après-guerre et adoptée par l'Army and Marine Corps en 1957. Pour les défauts de conception et d'apparence, il a reçu le surnom anglais. le cochon - "cochon". Utilise la cartouche 7.62x51 (308win)","Уникальный американский пулемет, разработанный в послевоенные годы и принятый на вооружение армии и морской пехоты в 1957 году. За недостатки конструкции и внешнего вида получил английское прозвище. свинья - «свинья». Использует картридж 7,62x51 (308win)",
"AEK971_01","automatic machine developed in 1978 at the Degtyarev plant in Kovrov under the leadership of Stanislav Ivanovich Koksharov based on the Konstantinov system machine gun, which participated in the 1974 competition. Uses cartridge 5.45x39","automatic machine developed in 1978 at the Degtyarev plant in Kovrov under the leadership of Stanislav Ivanovich Koksharov based on the Konstantinov system machine gun, which participated in the 1974 competition. Uses cartridge 5.45x39","machine automatique développée en 1978 à l'usine Degtyarev de Kovrov sous la direction de Stanislav Ivanovich Koksharov basée sur la mitrailleuse système Konstantinov, qui a participé au concours de 1974. Utilise la cartouche 5.45x39","Автомат разработан в 1978 году на заводе Дегтярева в Коврове под руководством Станислава Ивановича Кокшарова на базе пулемета системы Константинова, участвовавшего в конкурсе 1974 года. Использует патрон 5,45х39",
"AEK971_03","AEK-971 stock","AEK-971 stock","Crosse AEK-971","Сток АЕК-971",
"AEK971_04","AEK-971 assault rifle stock","AEK-971 assault rifle stock","Crosse de fusil d'assaut AEK-971","Приклад для автомата АЕК-971",
"65Creedmore_00","A high-speed and ultra-precise chuck that was developed in the USA in 2006. Used by the army, in sports shooting and hunting","A high-speed and ultra-precise chuck that was developed in the USA in 2006. Used by the army, in sports shooting and hunting","Un mandrin à grande vitesse et ultra-précis qui a été développé aux États-Unis en 2006. Utilisé par l'armée, dans le tir sportif et la chasse","Высокоскоростной сверхточный патрон, разработанный в США в 2006 году. Используется в вооруженных силах, спортивной стрельбе и охоте.",
"65Creedmore_01","Ammo Box 6.5 Creedmoor. Quantity 20 pieces","Ammo Box 6.5 Creedmoor. Quantity 20 pieces","Boîte de munitions 6.5 Creedmoor. Quantité 20 pièces","Ящик с патронами Creedmoor 6.5. Кол-во 20 шт.",
"556х45AP_00","5.56x45AP - armor-piercing","5.56x45AP - armor-piercing","5.56x45AP - perforant","5.56x45AP - перфорация",
"556х45AP_01","Box of armor-piercing cartridges for 20 pieces. Great against light armor","Box of armor-piercing cartridges for 20 pieces. Great against light armor","Boîte de cartouches perforantes pour 20 pièces. Idéal contre les armures légères","Ящик перфорационных патронов на 20 шт. Идеально против легкой брони",
"5556APBox_00","556 AP Box","556 AP Box","Boîte 556 AP","Box 556 AP",
"762x39AP_00","762x39AP - armor piercing","762x39AP - armor piercing","762x39AP - perçage d'armure","762x39AP - бронебойный",
"762x39AP_01","The cartridge was developed in Russia to defeat light armored vehicles of the enemy","The cartridge was developed in Russia to defeat light armored vehicles of the enemy","La cartouche a été développée en Russie pour vaincre les véhicules blindés légers de l'ennemi","Патрон разработан в России для поражения легкой бронетехники противника",
"762x39APBox_00","Box of cartridges 7.62x39AR. Quantity 20 pieces","Box of cartridges 7.62x39AR. Quantity 20 pieces","Boite de cartouches 7.62x39AR. Quantité 20 pièces","Коробка под патроны 7,62х39АР. Кол-во 20 шт.",
"50Beowolf_00","An excellent cartridge for medium range shooting. Huge bullet shell makes opponents bleed profusely and fall into unconsciousness from being hit","An excellent cartridge for medium range shooting. Huge bullet shell makes opponents bleed profusely and fall into unconsciousness from being hit","Une excellente cartouche pour le tir à moyenne distance. Une énorme balle fait saigner abondamment les adversaires et tombent dans l'inconscience après avoir été touchés","Отличный патрон для стрельбы на средние дистанции. Огромная пуля заставляет противников истекать кровью и терять сознание после попадания.",
"50BeowolfBox_00","Box of cartridges 12.7x42. Quantity 10 pieces","Box of cartridges 12.7x42. Quantity 10 pieces","Boite de cartouches 12,7x42. Quantité 10 pièces","Коробка под патроны 12,7х42. Кол-во 10 шт",
"12755_00","The Russian counterpart of the American 12.7x42 caliber, which has a subsonic speed to produce shots with maximum concealment.","The Russian counterpart of the American 12.7x42 caliber, which has a subsonic speed to produce shots with maximum concealment.","L'homologue russe du calibre américain 12,7x42, qui a une vitesse subsonique pour produire des tirs avec une dissimulation maximale.","Российский аналог американского калибра 12,7x42, обладающий дозвуковой скоростью, позволяющей производить выстрелы с максимальной маскировкой.",
"12755BOX_00","Box of cartridges 12.7x55. Number of 10 pieces.","Box of cartridges 12.7x55. Number of 10 pieces.","Boite de cartouches 12,7x55. Nombre de 10 pièces.","Коробка под патроны 12,7х55. Количество 10 шт.",
"50BMG_00","American cartridge designed to defeat light armored vehicles.","American cartridge designed to defeat light armored vehicles.","Cartouche américaine conçue pour vaincre les véhicules blindés légers.","Американский патрон, предназначенный для поражения легкой бронетехники.",
"50BMGBox_00","Box of cartridges 12.7x99. Quantity 5 pieces","Box of cartridges 12.7x99. Quantity 5 pieces","Boite de cartouches 12,7x99. Quantité 5 pièces","Коробка под патроны 12,7х99. Кол-во 5 шт.",
"50BMGAP_00","Armor-piercing cartridge 12.7x99. Perfectly hits opponents through walls or light armored vehicles.","Armor-piercing cartridge 12.7x99. Perfectly hits opponents through walls or light armored vehicles.","Cartouche perforante 12,7x99. Frappe parfaitement les adversaires à travers les murs ou les véhicules blindés légers.","Патрон перфорационный 12,7х99. Отлично поражает противников сквозь стены или легкую бронетехнику.",
"50BMGAPBOX_00","Box of armor-piercing cartridges 12.7x99AR. Quantity 5 pieces","Box of armor-piercing cartridges 12.7x99AR. Quantity 5 pieces","Boîte de cartouches perforantes 12,7x99AR. Quantité 5 pièces","Ящик перфорационных патронов 12,7х99АР. Кол-во 5 шт.",
"300AC_00","American counterpart 9x39. Developed after the release of the screw cutter and shaft. Has almost similar characteristics and is designed for Honey Badger","American counterpart 9x39. Developed after the release of the screw cutter and shaft. Has almost similar characteristics and is designed for Honey Badger","Homologue américain 9x39. Développé après la libération du coupe-vis et de l'arbre. A des caractéristiques presque similaires et est conçu pour Honey Badger","Американский аналог 9х39. Развивается после выпуска фрезы и вала. Имеет практически аналогичные характеристики и предназначен для медового барсука.",
"300ACAP_00","Armor-piercing cartridge, which is designed to disable combat devices","Armor-piercing cartridge, which is designed to disable combat devices","Cartouche perforante, conçue pour désactiver les dispositifs de combat","Бронебойный патрон, предназначенный для отключения боевых устройств.",
"300ACBOX_00","Box of cartridges .300Blackout. Number of 20 pieces.","Box of cartridges .300Blackout. Number of 20 pieces.","Boite de cartouches .300Blackout. Nombre de 20 pièces.","Коробка с патронами .300 Blackout. Кол-во 20 шт.",
"300ACAPBOX_00","Box of .300Blackout armor-piercing rounds. Number of 20 pieces.","Box of .300Blackout armor-piercing rounds. Number of 20 pieces.","Boîte de cartouches perforantes .300Blackout. Nombre de 20 pièces.","Коробка с бронебойными патронами .300 Blackout. Кол-во 20 шт.",
"308AP_00","Armor-piercing .308 caliber, which adds the ability to defeat well-equipped opponents","Armor-piercing .308 caliber, which adds the ability to defeat well-equipped opponents","Calibre .308 perforant, qui ajoute la possibilité de vaincre des adversaires bien équipés","Бронебойный калибр .308, который добавляет возможность поражать хорошо экипированных противников.",
"308APBOX_00","Armor-piercing box Win .308AP. Number of 20 pieces.","Armor-piercing box Win .308AP. Number of 20 pieces.","Boîte de perçage d'armure Win .308AP. Nombre de 20 pièces.","Win .308AP Armor Drill Box. Кол-во 20 шт.",
"338PNCLP_00","Hunting cartridge caliber .338LP","Hunting cartridge caliber .338LP","Cartouche de chasse calibre .338LP","Патрон охотничий калибр .338LP",
"338PNCLPBOX_00","Box of 338LP cartridges in. Quantity 10 pieces","Box of 338LP cartridges in. Quantity 10 pieces","Boite de cartouches 338LP in. Quantité 10 pièces","Коробка с патронами 338LP в. Кол-во 10 шт.",
"408CheytacPN_00","408 Chey Tac, 10.3 × 77 mm) - specialized sniper ammunition for long-range shooting. The cartridge is designed to conduct high-precision sniper shooting up to 3500 m. It was assumed that the maximum firing range of the. 408 Cheyenne Tactical will be 3000 m.","408 Chey Tac, 10.3 × 77 mm) - specialized sniper ammunition for long-range shooting. The cartridge is designed to conduct high-precision sniper shooting up to 3500 m. It was assumed that the maximum firing range of the. 408 Cheyenne Tactical will be 3000 m.","408 Chey Tac, 10,3 × 77 mm) - munitions de tireur d'élite spécialisées pour le tir à longue distance. La cartouche est conçue pour effectuer des tirs de sniper de haute précision jusqu'à 3 500 m. Il a été supposé que la portée de tir maximale du. La 408 Cheyenne Tactical sera à 3000 m.","408 Chey Tac, 10,3 × 77 мм) - снайперские боеприпасы, специализированные для стрельбы на дальние дистанции. Патрон предназначен для ведения высокоточного снайперского огня на дальность до 3500м. Предполагалось, что максимальная дальность стрельбы. 408 Cheyenne Tactical будет на высоте 3000 метров.",
"408ChetacBOXWPN_00","A box chambered for .408 caliber cartridges. Quantity 10 pcs.","A box chambered for .408 caliber cartridges. Quantity 10 pcs.","Une boîte chambrée pour les cartouches de calibre .408. Quantité 10 pièces.","Коробка под патроны калибра .408. Количество 10 шт.",
"AR15BttstckPNC_00","The stock is tactical, a smaller analogue of the conventional AR15 stock. Reduces recoil","The stock is tactical, a smaller analogue of the conventional AR15 stock. Reduces recoil","Le stock est tactique, un analogue plus petit du stock AR15 conventionnel. Réduit le recul","Ложа тактическая, меньший аналог обычной ложи AR15. Уменьшает отдачу",
"AR15Bttstck2PNC_00","Stock for AR15. The version of these butts has an increased weight, but significantly reduces recoil","Stock for AR15. The version of these butts has an increased weight, but significantly reduces recoil","Crosse pour AR15. La version de ces mégots a un poids accru, mais réduit considérablement le recul","Ложа тактическая, меньший аналог обычной ложи AR15. Уменьшает отдачу",
"D60_00","Drum for 5.56x45 caliber. Holds up to 60 rounds","Drum for 5.56x45 caliber. Holds up to 60 rounds","Tambour pour calibre 5.56x45. Peut contenir jusqu'à 60 cartouches","Барабан под калибр 5.56x45. Вмещает до 60 картриджей",
"D100_00","Drum for 100 rounds","Drum for 100 rounds","Tambour pour 100 Balles","Барабан на 100 пуль",
"D100_01","Drums for 5.56x45 caliber. Holds up to 100 cartouches","Drums for 5.56x45 caliber. Holds up to 100 cartouches","Tambours pour calibre 5.56x45. Peut contenir jusqu'à 100 cartouches","Барабаны под калибр 5.56x45. Вмещает до 100 картриджей",
"SUPP9MM_00","Muffler 9mm","Muffler 9mm","Silencieux 9mm","Глушитель 9 мм",
"SUPP9MM_01","Silencer is installed on 9mm caliber weapons","Silencer is installed on 9mm caliber weapons","Le silencieux est installé sur les armes de calibre 9 mm","Глушитель устанавливается на орудия калибра 9мм.",
"SUPP408_00","Muffler .408Cheytac","Muffler .408Cheytac","Silencieux .408Cheytac","Глушитель .408 Cheytac",
"SUPP408_01","Muffler for 408 Cheytac.","Muffler for 408 Cheytac.","Silencieux pour 408 Cheytac.","Глушитель .408 Cheytac",
"SUPP65_00","Silencer 6.5 Creedmoor","Silencer 6.5 Creedmoor","Silencieux 6.5 Creedmoor","Глушитель 6.5 Creedmoor",
"SUPP65_01","Suppressor mounts on 6.5 Creedmoor rifles","Suppressor mounts on 6.5 Creedmoor rifles","Le silencieux se monte sur les fusils Creedmoor 6.5","Глушитель устанавливается на винтовки Creedmoor 6.5.",
"SUPP45ACP_00","Muffler .45acp","Muffler .45acp","Silencieux .45acp","Тихий калибр .45acp",
"SUPP45ACP_01","Suppressor mounted on .45acp weapons","Suppressor mounted on .45acp weapons","Suppresseur monté sur les armes .45acp","Глушитель на орудиях калибра .45ACP.",
"SUPP357_00","Muffler .357","Muffler .357","Silencieux .357","Глушитель .357",
"SUPP357_01","Silencer mounted on .357 caliber weapons","Silencer mounted on .357 caliber weapons","Silencieux monté sur des armes de calibre .357","Глушитель на орудиях калибра .357",
"SUPP76239_00","Muffler 7.62x39","Muffler 7.62x39","Silencieux 7.62x39","Глушитель 7,62x39",
"SUPP76239_01","Silencer for caliber 7.62x39","Silencer for caliber 7.62x39","Silencieux pour calibre 7.62x39","Глушитель на калибр 7.62x39",
"SUPP55645_00","Silencer 5.56x45","Silencer 5.56x45","Silencieux 5.56x45","Глушитель 5.56x45",
"SUPP55645_01","The silencer is installed on weapons of caliber 5.56x45","The silencer is installed on weapons of caliber 5.56x45","Le silencieux est installé sur les armes de calibre 5.56x45","Глушитель устанавливается на ружья калибра 5,56х45.",
"SUPPORIGIN_00","Silencer Origin","Silencer Origin","Silencieux Origine","Оригинальный глушитель",
"SUPPORIGIN_01","Origin Shotgun Silencer","Origin Shotgun Silencer","Silencieux Origin Shotgun","Глушитель для дробовика Origin",
"SUPP308_00","Muffler .308","Muffler .308","Silencieux .308","Глушитель .308",
"SUPP308_01","Silencer mounted on .308 caliber weapons","Silencer mounted on .308 caliber weapons","Silencieux monté sur des armes de calibre .308","Глушитель на орудиях калибра .308",
"SUPP338LP_00","Muffler .338LP","Muffler .338LP","Silencieux .338LP","Глушитель устанавливается на ружья калибра .338LP.",
"SUPP338LP_01","Silencer mounted on .338LP weapon","Silencer mounted on .338LP weapon","Le silencieux est installé sur les armes de calibre .338LP","Глушитель устанавливается на ружья калибра .338LP.",
"AR15308_00","A rifle developed from the AR-15 using the .308 caliber.","A rifle developed from the AR-15 using the .308 caliber.","Un fusil développé à partir de l'AR-15 utilisant le calibre .308.","Винтовка, разработанная на основе AR-15, калибра .308.",
"AR15556_00","AR-15 is an American semi-automatic rifle chambered for 5.56 × 45 mm. Produced since 1963, goes on sale as a civilian weapon for self-defense, hunting, etc., is a regular police weapon. Uses 5.56x45 caliber","AR-15 is an American semi-automatic rifle chambered for 5.56 × 45 mm. Produced since 1963, goes on sale as a civilian weapon for self-defense, hunting, etc., is a regular police weapon. Uses 5.56x45 caliber","L'AR-15 est un fusil semi-automatique américain chambré pour 5,56 × 45 mm. Produit depuis 1963, mis en vente comme arme civile pour l'autodéfense, la chasse, etc., est une arme de police ordinaire. Utilise le calibre 5.56x45","AR-15 - американская полуавтоматическая винтовка под патрон 5,56 × 45 мм. Выпускается с 1963 года, выставляется на продажу как гражданское оружие для самообороны, охоты и т. Д., Является обычным полицейским оружием. Использует калибр 5.56x45.",
"ASH12PNC_00","A special rifle designed for the Russian special services to carry out particularly important operations. Uses a 12.7x55 cartridge.","A special rifle designed for the Russian special services to carry out particularly important operations. Uses a 12.7x55 cartridge.","Un fusil spécial conçu pour les services spéciaux russes pour effectuer des opérations particulièrement importantes. Utilise une cartouche 12,7x55.","Специальная винтовка, предназначенная для российских спецслужб для выполнения особо ответственных операций. Использует патрон 12,7х55.",
"Aurora_00","Experimental sniper rifle. Designed to defeat light armored vehicles and disable important targets. Uses .50BMG AP armor-piercing caliber","Experimental sniper rifle. Designed to defeat light armored vehicles and disable important targets. Uses .50BMG AP armor-piercing caliber","Fusil de sniper expérimental. Conçu pour vaincre les véhicules blindés légers et désactiver les cibles importantes. Utilise le calibre perforant .50BMG AP","Экспериментальная снайперская винтовка. Предназначен для поражения легкой бронетехники и обезвреживания важных целей. Использует бронебойный калибр .50BMG AP.",
"L96A1_00","The Accuracy International L96A1 / Arctic Warfare is a British-made sniper rifle developed by Accuracy International. Uses .338 Lapua Magnum cartridge","The Accuracy International L96A1 / Arctic Warfare is a British-made sniper rifle developed by Accuracy International. Uses .338 Lapua Magnum cartridge","Le Accuracy International L96A1 / Arctic Warfare est un fusil de précision de fabrication britannique développé par Accuracy International. Utilise une cartouche .338 Lapua Magnum","Accuracy International L96A1 / Arctic Warfare - это высокоточная винтовка британского производства, разработанная компанией Accuracy International. Использует патрон .338 Lapua Magnum",
"AX5065_00","The AX Short Action and AXMC (AX Multi Caliber) advanced weapon system provides military, law enforcement and civilian gunners with Accuracy International's latest battle-proven performance: precision, reliability, durability and impeccable quality. The AX is a user-configurable, long-range, mission-adaptable sniper system. Uses 6.5 Creedmoor cartridge","The AX Short Action and AXMC (AX Multi Caliber) advanced weapon system provides military, law enforcement and civilian gunners with Accuracy International's latest battle-proven performance: precision, reliability, durability and impeccable quality. The AX is a user-configurable, long-range, mission-adaptable sniper system. Uses 6.5 Creedmoor cartridge","Le système d'armes avancé AX Short Action et AXMC (AX Multi Caliber) offre aux artilleurs militaires, policiers et civils les dernières performances éprouvées d'Accuracy International : précision, fiabilité, durabilité et qualité irréprochable. L'AX est un système de tireur d'élite configurable par l'utilisateur, à longue portée et adaptable à la mission. Utilise une cartouche Creedmoor 6.5","Усовершенствованная система оружия AX Short Action и AXMC (AX Multi Caliber) предлагает военным, полицейским и гражданским стрелкам новейшие проверенные характеристики от Accuracy International: точность, надежность, долговечность и безупречное качество. AX - это настраиваемая пользователем снайперская система дальнего действия, адаптируемая к заданию. Использует картридж Creedmoor 6.5.",
"M82A2BMG_00","The M107 is an American self-loading large-caliber sniper rifle manufactured by Barrett Firearms Manufacturing and in service with several countries around the world. Uses caliber 12.7x99","The M107 is an American self-loading large-caliber sniper rifle manufactured by Barrett Firearms Manufacturing and in service with several countries around the world. Uses caliber 12.7x99","Le M107 est un fusil de précision américain de gros calibre à chargement automatique fabriqué par Barrett Firearms Manufacturing et en service dans plusieurs pays du monde. Utilise le calibre 12,7x99","M107 - крупнокалиберная самозарядная американская снайперская винтовка, производимая Barrett Firearms Manufacturing и находящаяся на вооружении в нескольких странах мира. Использует калибр 12,7x99",
"50BeowolfW_00","50 Beowulf is an American large-caliber ammunition designed for use in modified AR-15 rifles in 2001. ... The cartridge is developed on the basis of ammunition. 50 Action Express, in terms of its weight and dimensions, is similar to a revolving cartridge. Uses caliber 12.7x42","50 Beowulf is an American large-caliber ammunition designed for use in modified AR-15 rifles in 2001. ... The cartridge is developed on the basis of ammunition. 50 Action Express, in terms of its weight and dimensions, is similar to a revolving cartridge. Uses caliber 12.7x42","50 Beowulf est une munition américaine de gros calibre conçue pour être utilisée dans les fusils AR-15 modifiés en 2001. ... La cartouche est développée sur la base de munitions. 50 Action Express, en termes de poids et de dimensions, est similaire à une cartouche tournante. Utilise le calibre 12,7x42","50 Beowulf - американский боеприпас большого калибра, предназначенный для использования в модернизированных в 2001 году винтовках AR-15. ... Патрон разработан на основе боеприпасов. 50 Action Express по весу и габаритам похож на вращающийся картридж. Использует калибр 12,7x42",
"M300Cheytac_00","CheyTac M300 Intervention - sniper rifle. It is part of the CheyTac LRRS sniper shooting system. Manufactured by CheyTac LLC (USA). Uses special Wildcat sniper cartridges: .408 CheyTac","CheyTac M300 Intervention - sniper rifle. It is part of the CheyTac LRRS sniper shooting system. Manufactured by CheyTac LLC (USA). Uses special Wildcat sniper cartridges: .408 CheyTac","CheyTac M300 Intervention - fusil de sniper. Il fait partie du système de tir de sniper CheyTac LRRS. Fabriqué par CheyTac LLC (États-Unis). Utilise des cartouches de sniper Wildcat spéciales : .408 CheyTac","CheyTac M300 Intervention - снайперская винтовка. Является частью снайперской системы огня CheyTac LRRS. Производство CheyTac LLC (США). Использует специальные снайперские патроны Wildcat: .408 CheyTac.",
"DVL10P_00","DVL-10 M1 "Saboteur" (DVL-10 Saboteur) - Modular tactical light sniper rifle for silent shooting.","DVL-10 M1 "Saboteur" (DVL-10 Saboteur) - Modular tactical light sniper rifle for silent shooting.","DVL-10 M1 "Saboteur" (DVL-10 Saboteur) - Fusil de sniper léger tactique modulaire pour le tir silencieux.","ДВЛ-10 М1 «Диверсант» (DVL-10 Saboteur) - модульная тактическая легкая снайперская винтовка для бесшумной стрельбы.",
"LARPNC_00","LAR is a NATO firearm manufactured in Belgium by Fabrique Nationale de Herstal.","LAR is a NATO firearm manufactured in Belgium by Fabrique Nationale de Herstal.","Le LAR est une arme à feu de l'OTAN fabriquée en Belgique par la Fabrique Nationale de Herstal.","LAR - это огнестрельное оружие НАТО, производимое в Бельгии компанией Fabrique Nationale de Herstal.",
"KIVAARIPNC_00","The Kivaari sniper rifle (which in Finnish means “rifle”) is manufactured in the USA by a small company called DRD Tactical, previously known for producing DRD “Paratus” quick-release rifles in .338 Lapua Magnum","The Kivaari sniper rifle (which in Finnish means “rifle”) is manufactured in the USA by a small company called DRD Tactical, previously known for producing DRD “Paratus” quick-release rifles in .338 Lapua Magnum","Le fusil de sniper Kivaari (qui en finnois signifie "fusil") est fabriqué aux États-Unis par une petite entreprise appelée DRD Tactical, auparavant connue pour produire des fusils à dégagement rapide DRD "Paratus" en .338 Lapua Magnum","Снайперская винтовка Kivaari (что в переводе с финского означает «винтовка») производится в США небольшой компанией DRD Tactical, которая ранее производила быстросъемные винтовки .338 Lapua Magnum DRD «Paratus».",
"M14PNC_00","The M14 is an American automatic rifle in service with the US Army in the late 1950s and 1960s. Uses caliber .308","The M14 is an American automatic rifle in service with the US Army in the late 1950s and 1960s. Uses caliber .308","Le M14 est un fusil automatique américain en service dans l'armée américaine à la fin des années 50 et dans les années 60. Utilise le calibre .308","M14 - американская автоматическая винтовка, состоящая на вооружении армии США в конце 1950-х и 1960-х годах. Использует калибр .308.",
"MK14PNC_00","United States Navy Mark 14 Enhanced Battle Rifle is an American marksman rifle created by the US Navy's Special Operations Forces based on the M14 rifle. Uses caliber .308","United States Navy Mark 14 Enhanced Battle Rifle is an American marksman rifle created by the US Navy's Special Operations Forces based on the M14 rifle. Uses caliber .308","Le fusil de combat amélioré Mark 14 de la marine américaine est un fusil de tireur d'élite américain créé par les forces d'opérations spéciales de la marine américaine sur la base du fusil M14. Utilise le calibre .308","Улучшенная боевая винтовка ВМС США Mark 14 - американская снайперская винтовка, созданная силами специальных операций ВМС США на базе винтовки M14. Использует калибр .308",
"T5000PNC_00","ORSIS T-5000 is a high-precision magazine sniper rifle with a sliding bolt. Produced by the Orsis arms factory of the industrial group. Uses caliber .338LP","ORSIS T-5000 is a high-precision magazine sniper rifle with a sliding bolt. Produced by the Orsis arms factory of the industrial group. Uses caliber .338LP","ORSIS T-5000 est un fusil de sniper de type magazine de haute précision avec un verrou coulissant. Produit par l'usine d'armement Orsis du groupe industriel. Utilise le calibre .338LP","ORSIS T-5000 - высокоточная снайперская винтовка магазинного типа со скользящим затвором. Производится на вооружении завода Orsis промышленной группы. Использует калибр .338LP.",
"MSRPNC_00","American rifle designed to kill big game. The version is modified for sports shooting and is equipped with a built-in calimator sight","American rifle designed to kill big game. The version is modified for sports shooting and is equipped with a built-in calimator sight","Fusil américain conçu pour tuer le gros gibier. La version est modifiée pour le tir sportif et est équipée d'un viseur de calibrage intégré","Американская винтовка, предназначенная для убийства крупной дичи. Версия модифицирована для спортивной стрельбы и оснащена встроенным калибровочным прицелом.",
"SCARHPNC_00","A weapon system developed by the American division of the Belgian company FN Herstal to participate in the competition for the creation of a new assault rifle for USSOCOM fighters in 2004. Uses cartridge 7.62x51 (308win)","A weapon system developed by the American division of the Belgian company FN Herstal to participate in the competition for the creation of a new assault rifle for USSOCOM fighters in 2004. Uses cartridge 7.62x51 (308win)","Un système d'arme développé par la division américaine de la société belge FN Herstal pour participer au concours pour la création d'un nouveau fusil d'assaut pour les combattants USSOCOM en 2004. Utilise la cartouche 7.62x51 (308win)","Система вооружения, разработанная американским подразделением бельгийской компании FN Herstal для участия в конкурсе на создание новой штурмовой винтовки для истребителей USSOCOM в 2004 году. Использует патрон 7,62x51 (308win).",
"MPA65_00","The MPA BA Precision Match Rifle is available in 6mm Creedmoor, 6.5 Creedmoor, .308 Winchester and is built around a nearly one-piece MPA BA Hybrid Chassis (1.59kg) aluminum chassis and features a polished high-quality 26-inch 416R stainless steel barrel.","The MPA BA Precision Match Rifle is available in 6mm Creedmoor, 6.5 Creedmoor, .308 Winchester and is built around a nearly one-piece MPA BA Hybrid Chassis (1.59kg) aluminum chassis and features a polished high-quality 26-inch 416R stainless steel barrel.","Le fusil MPA BA Precision Match est disponible en 6 mm Creedmoor, 6,5 Creedmoor, .308 Winchester et est construit autour d'un châssis en aluminium hybride MPA BA presque monobloc (1,59 kg) et dispose d'un acier inoxydable 416R de 26 pouces poli de haute qualité baril.","Ружье MPA BA Precision Match доступно в версиях 6 мм Creedmoor, 6.5 Creedmoor, .308 Winchester и построено на почти цельном гибридном алюминиевом шасси MPA BA (1,59 кг) и имеет 26-дюймовый высококачественный полированный ствол из нержавеющей стали 416R.",
"M60MAGPNC_00","Magazine for the M60 machine gun. Holds 200 rounds","Magazine for the M60 machine gun. Holds 200 rounds","Chargeur pour la mitrailleuse M60. Peut contenir 200 tours","Магазин для пулемета М60. Вмещает 200 патронов",
"AX50MAGPNC_00","Magzine for AX50","Magzine for AX50","Chargeur pour AX50","Зарядное устройство для AX50",
"AX50MAGPNC_01","Holds 7 rounds of .50BMG caliber. Designed for AX50","Holds 7 rounds of .50BMG caliber. Designed for AX50","Peut contenir 7 cartouches de calibre .50BMG. Conçu pour AX50","Вмещает патроны калибра 7 .50BMG. Разработан для AX50",
"ASH12PNCMAG_00","Magazine for ASH12","Chargeur Pour ASH12","Magazine for ASH12","Chargeur Pour ASH12","Зарядное устройство для ASH12",
"ASH12PNCMAG_01","Designed for the Russian ASH12 silent rifle. Caliber 12.7x55","Designed for the Russian ASH12 silent rifle. Caliber 12.7x55","Conçu pour le fusil silencieux russe ASH12. Calibre 12,7x55","Предназначен для российской глушителя АШ12. Калибр 12,7х55",
"AuroraMAG_00","Magazine For Aurora","Magazine For Aurora"," Chargeur Pour Aurora","Зарядное устройство для Авроры",
"AuroraMAG_01","Uses .50BMG and .50BMGAP cartridges. Quantity 5 pieces","Uses .50BMG and .50BMGAP cartridges. Quantity 5 pieces","Utilise des cartouches .50BMG et .50BMGAP. Quantité 5 pièces","Использует патроны .50BMG и .50BMGAP. Кол-во 5 шт.",
"SUPPAurora_00","Special muffler for Aurora Riffle","Special muffler for Aurora Riffle","Silencieux spécial pour Aurora Riffle","Специальный глушитель для Aurora Riffle",
"SUPPAurora_01","The muffler is designed for firing .50BMGAP caliber armor-plated cartridges. Only hangs on Arora Riffle","The muffler is designed for firing .50BMGAP caliber armor-plated cartridges. Only hangs on Arora Riffle","Le silencieux est conçu pour tirer des cartouches blindées de calibre .50BMGAP. Ne se bloque que sur Arora Riffle","Глушитель предназначен для стрельбы броневыми патронами калибра .50BMGAP. Зависает только на Arora Riffle",
"L96A1MAG_00","Magazine For AWM","Magazine For AWM","Chargeur Pour AWM","Зарядное устройство для AWM",
"L96A1MAG_01","Holds 7 .338LP rounds and fits AWM","Holds 7 .338LP rounds and fits AWM","Peut contenir 7 cartouches .338LP et s'adapte à l'AWM","Вмещает 7 патронов .338LP и подходит для AWM",
"AX5065MAG_00","Magazine For AX6.5 Creedmoor","Magazine For AX6.5 Creedmoor","Chargeur Pour AX6.5 Creedmoor","Зарядное устройство для AX6.5 Creedmoor",
"AX5065MAG_01","Holds 5 6.5 Creedmoor rounds and is designed for the AX6.5","Holds 5 6.5 Creedmoor rounds and is designed for the AX6.5","Transporte 5 cartouches Creedmoor de 6,5 et est conçu pour l'AX6.5","Несет 5 картриджей Creedmoor 6.5 и предназначен для AX6.5.",
"M82A2MAGPNC_00","Magazine For Barrett M82","Magazine For Barrett M82","Chargeur Pour Barrett M82","Зарядное устройство для Barrett M82",
"M82A2MAGPNC_01","Holds 10 .50BMG rounds and is designed for the Barrett M82","Holds 10 .50BMG rounds and is designed for the Barrett M82","Peut contenir 10 cartouches .50BMG et est conçu pour le Barrett M82","Вмещает 10 патронов .50BMG и предназначен для Barrett M82.",
"SUPPM82_00","Muffler .50BMG","Muffler .50BMG","Silencieux .50BMG","Глушитель .50BMG",
"SUPPM82_01","Used for installation on Beowulf, M82 and AX50","Used for installation on Beowulf, M82 and AX50","Utilisé pour l'installation sur Beowulf, M82 et AX50","Используется для установки на Beowulf, M82 и AX50",
"Beowulfmag_00","Magazine for Beowulf","Magazine for Beowulf","Chargeur Pour beowulf","Зарядное устройство для беовульфа",
"Beowulfmag_01","Holds 20 cartridges of 12.7x42 caliber and is designed for Beowulf","Holds 20 cartridges of 12.7x42 caliber and is designed for Beowulf","Contient 20 cartouches de calibre 12,7x42 et est conçu pour Beowulf","Содержит 20 патронов калибра 12,7х42 и предназначен для Беовульфа.",
"CheyTacM300Mag_00","Magazine for CheyTacM300","Magazine for CheyTacM300","Chargeur Pour CheyTacM300","Зарядное устройство для CheyTacM300",
"CheytacM300Mag_01","Holds up to 7 .408 rounds and is designed for the M300","Holds up to 7 .408 rounds and is designed for the M300","Peut contenir jusqu'à 7 408 cartouches et est conçu pour le M300","Вмещает до 7408 патронов и предназначен для M300.",
"DVL10Mag_00","Magazine holding up to 7 rounds in .338LP caliber","Magazine holding up to 7 rounds in .338LP caliber","Chargeur pouvant contenir jusqu'à 7 cartouches de calibre .338LP","Магазин на 7 патронов .338LP",
"LARsttck_00","LAR stock","LAR stock","Stock LAR","Акция LAR",
"LARsttck_01","The stock designed for LAR. Cheap to manufacture.","The stock designed for LAR. Cheap to manufacture.","Le stock conçu pour LAR. Pas cher à fabriquer.","Ложа предназначена для LAR. Не дорого в производстве.",
"LARhdng_00","Wooden handguard LAR","Wooden handguard LAR","Garde-main en bois LAR","Деревянное цевье LAR",
"LARhdng_01","Forend made of wood. Has an average weight. Mounted on LAR","Forend made of wood. Has an average weight. Mounted on LAR","handguard en bois. A un poids moyen. Monté sur LAR","деревянное цевье. При среднем весе. Установлен на LAR",
"LARsttck1_00","Plastic forend LAR","Plastic forend LAR","Stock plastique LAR","Пластиковый приклад LAR",
"LARsttck1_01","A plastic forend made to make the weapon lighter. Mounted on LAR","A plastic forend made to make the weapon lighter. Mounted on LAR","Une Stock en plastique conçue pour alléger l'arme. Monté sur LAR","Пластиковая ложа, предназначенная для облегчения оружия. Установлен на LAR",
"LARrishdng_00","Upgraded LAR forend","Upgraded LAR forend","Stock LAR améliorée","Улучшенный запас LAR",
"LARrishdng_01","Iron forend, performing the function of installing additional modules. Mounted on LAR","Iron forend, performing the function of installing additional modules. Mounted on LAR","Stock en fer, remplissant la fonction d'installation de modules supplémentaires. Monté sur LAR","Железный приклад, выполняющий функцию установки дополнительных модулей. Установлен на LAR",
"LARhndl_00","Forend LAR","Forend LAR","Stock LAR","Акция LAR",
"LARhdnl_01","A forend that adds convenience and comfort when shooting","A forend that adds convenience and comfort when shooting","Une Srock qui ajoute commodité et confort lors de la prise de vue","Srock, который добавляет удобство и комфорт при стрельбе",
"LAR50RND_00","LAR 50RND","LAR 50RND","Chargeur 50 balles de LAR","Журнал 50 патронов из ЛАР",
"LAR50RND_01","A magazine using .308 caliber rifle cartridges. Holds up to 50 rounds","A magazine using .308 caliber rifle cartridges. Holds up to 50 rounds","Un Chargeur utilisant des cartouches de fusil de calibre .308. Peut contenir jusqu'à 50 cartouches","Зарядное устройство, использующее винтовочные патроны .308 калибра. Вмещает до 50 картриджей",
"LARcmpt_00","Compensator for LAR","Compensator for LAR","Compensateur pour LAR","Компенсатор для LAR",
"LARcmpt_01","Compensator that suppresses recoil and absorbs flash when fired","Compensator that suppresses recoil and absorbs flash when fired","Compensateur qui supprime le recul et absorbe le flash lors du tir","Компенсатор, исключающий отдачу и поглощающий вспышку при стрельбе.",
"LARcmpt1_00","Compensator for LAR","Compensator for LAR","Compensateur pour LAR","Компенсатор для LAR",
"LARcmpt1_01","Compensator, absorbing the flash of a shot","Compensator, absorbing the flash of a shot","Compensateur, absorbant le flash d'un tir","Компенсатор, поглощающий вспышку выстрела",
"Kivaaristck_00","Sniper stock","Sniper stock","Stock de tireur d'élite","Снайперская ложа",
"Kivaaristck_01","An excellent option for long-range shooting. Allows you to shoot from a standing position due to a significant reduction in the swing of the sight","An excellent option for long-range shooting. Allows you to shoot from a standing position due to a significant reduction in the swing of the sight","Une excellente option pour le tir à longue distance. Permet de tirer en position debout grâce à une réduction significative de l'oscillation du viseur","Отличный вариант для стрельбы на дальние дистанции. Позволяет вести стрельбу из положения стоя благодаря значительному уменьшению колебаний прицела.",
"KIVAARIMAG_00","Magazine for Kivaari338","Magazine for Kivaari338","Chargeur Pour Kivaari","Зарядное устройство для Киваари",
"KIVAARIMAG_01","Magazine designed for the Kiivari338 rifle and holds 10 rounds of .338LP caliber","Magazine designed for the Kiivari338 rifle and holds 10 rounds of .338LP caliber","Chargeur conçu pour le fusil Kiivari338 et contient 10 cartouches de calibre .338LP","Магазин предназначен для винтовки Kiivari338 и содержит 10 патронов калибра .338LP.",
"SUPPKIVAARI_00","Muffler .338LP","Muffler .338LP","Silencieux .338LP","Глушитель .338LP",
"SUPPKIVAARI_01","Designed to mount on .338LP rifles in caliber","Designed to mount on .338LP rifles in caliber","Conçu pour être monté sur des carabines de calibre .338LP","Предназначен для установки на винтовки калибра .338LP.",
"T500MAG_00","Magazine for ORSIS T5000","Magazine for ORSIS T5000","Chargeur Pour ORSIS T5000","Зарядное устройство для ORSIS T5000",
"T500MAG_01","A magazine that can hold 5 rounds of .338LP caliber and is designed for the ORSIS T5000.","A magazine that can hold 5 rounds of .338LP caliber and is designed for the ORSIS T5000.","Un chargeur pouvant contenir 5 cartouches de calibre .338LP et conçu pour l'ORSIS T5000.","Магазин, вмещающий 5 патронов калибра .338LP, разработан для ORSIS T5000.",
"MSRMAG_00","Magazine for Remington MSR","Magazine for Remington MSR","Chargeur pour Remington MSR","Журнал для Remington MSR",
"MSRMAG_01","Magazine using .338 caliber rounds, holds up to 5 rounds and is designed for the Remington MSR","Magazine using .338 caliber rounds, holds up to 5 rounds and is designed for the Remington MSR","Chargeur utilisant des cartouches de calibre .338, peut contenir jusqu'à 5 cartouches et est conçu pour le Remington MSR","Магазин использует патроны калибра .338, вмещает до 5 патронов и предназначен для Remington MSR.",
"SCARHMAG_00","Standard magazine for the SCAR-H","Standard magazine for the SCAR-H","Chargeur standard pour la SCAR-H","Стандартное зарядное устройство для SCAR-H",
"MPAMG_00","Magazine for MPA","Magazine for MPA","Chargeur Pour MPA","Зарядное устройство для MPA",
"MPAMG_01","Magazine designed for MPA and holding 20 rounds of 6.5 Сreedmoor caliber.","Magazine designed for MPA and holding 20 rounds of 6.5 Сreedmoor caliber.","Chargeur conçu pour MPA et contenant 20 cartouches de calibre 6,5 Сreedmoor.","Магазин рассчитан на МПА и содержит 20 патронов Сreedmoor калибра 6,5.",
"VR80_00","The VR80 12GA shotgun is second to none. This 12GA gas semi-automatic shotgun has an upper and lower receiver made of 7075 T6 aluminum. Uses 12GA caliber","The VR80 12GA shotgun is second to none. This 12GA gas semi-automatic shotgun has an upper and lower receiver made of 7075 T6 aluminum. Uses 12GA caliber","Le fusil de chasse VR80 12GA est incomparable. Ce fusil de chasse semi-automatique à gaz 12GA a un récepteur supérieur et inférieur en aluminium 7075 T6. Utilise le calibre 12GA","Ружье VR80 12GA не имеет себе равных. Это газовое полуавтоматическое ружье 12GA имеет верхнюю и нижнюю ствольную коробку, изготовленную из алюминия 7075 T6. Использует калибр 12GA",
"VR80Mag","Magazine for VR80. Uses 12 gauge","Magazine for VR80. Uses 12 gauge","Chargeur Pour VR80. Utilise Calibre 12","Магазин для VR80. Использует 12 калибр",
"SCAR16_00","The smaller brother of the SCAR-17, using 5.56x45 cartridges. It is more accurate than its predecessor and more reliable.","The smaller brother of the SCAR-17, using 5.56x45 cartridges. It is more accurate than its predecessor and more reliable.","Le petit frère du SCAR-17, utilisant des cartouches 5.56x45. Il est plus précis et plus fiable que son prédécesseur.","Меньший брат SCAR-17, использующий патроны 5.56х45. Он точнее своего предшественника и надежнее.",
"RemigtonR5_00","American automatic rifle of the AR-15 family, introduced in 2010. It featured a stamped top receiver, which acted as a barrel cooling jacket and was installed with STANAG slats and sights. Uses caliber 5.56x45","American automatic rifle of the AR-15 family, introduced in 2010. It featured a stamped top receiver, which acted as a barrel cooling jacket and was installed with STANAG slats and sights. Uses caliber 5.56x45","Fusil automatique américain de la famille AR-15, introduit en 2010. Il comportait un récepteur supérieur estampé, qui servait de chemise de refroidissement pour baril et était installé avec des lattes et des viseurs STANAG. Utilise le calibre 5.56x45","Aмериканская автоматическая винтовка семейства AR-15, представленная в 2010 году. Отличалась штампованным верхним приёмником, который выступал в качестве охлаждающего кожуха ствола и устанавливался с планками и прицелами STANAG. Использует калибр 5.56х45",
"PKP_00","PKP Pecheneg","PKP Pecheneg","PKP Pecheneg","ПКП Печенег",
"PKP_01","The machine gun, developed by the Kalashnikov concern and released in 1961, has good overwhelming power. It is used in many countries around the world. Uses cartridge 7.62x54","The machine gun, developed by the Kalashnikov concern and released in 1961, has good overwhelming power. It is used in many countries around the world. Uses cartridge 7.62x54","La mitrailleuse, développée par la société Kalachnikov et sortie en 1961, a une bonne puissance écrasante. Il est utilisé dans de nombreux pays à travers le monde. Utilise la cartouche 7.62x54","Пулемет, разработанный концерном Калашникова и выпущенный в 1961 году, обладает хорошей подавляющей мощью. Применяется во многих странах мира. Использует патрон 7.62х54",
"PKPMag_00","Mag for PKP","Mag for PKP","Chargeur Pour PKP","Магазин для ПКП",
"HoneyBadgerMag_00","Mag For Honey Badger","Mag For Honey Badger","Chargeur Pour Honey Badger","Магазин для Honey Badger",
"HoneyBadgerMag_01","Standard magazine designed for Honey Badger and holding 30 rounds in .300Blackout","Standard magazine designed for Honey Badger and holding 30 rounds in .300Blackout","Chargeur standard conçu pour Honey Badger et contenant 30 cartouches en .300Blackout","Стандартный магазин, предназначенный для Honey Badger и вмещающий 30 патронов калибра .300Blackout",
"HoneyBadgerMag_02","Coupled magazine for HoneyBadger","Coupled magazine for HoneyBadger","Chargeur double pour HoneyBadger","Сдвоенный магазин для HoneyBadger",
"HoneyBadgerMag_03","Holds 60 .300 Blackout rounds and is designed for Honey Badger","Holds 60 .300 Blackout rounds and is designed for Honey Badger","Contient 60 cartouches de .300 Blackout et est conçu pour Honey Badger","Вмещает в себя 60 патронов калибра .300Blackout и предназначен для Honey Badger",
"HoneyBadgerMag_04","60Rnd Honey Badger","60Rnd Honey Badger","60Rnd Honey Badger","60-й медовый барсук",
"HoneyBadgerMag_05","Holds 60 .300 Blackout rounds and is designed for Honey Badger","Holds 60 .300 Blackout rounds and is designed for Honey Badger","Peut contenir 60 cartouches Blackout de 0,300 et est conçu pour Honey Badger","Вмещает в себя 60 патронов калибра .300Blackout и предназначен для Honey Badger",
"HoneyBadgerbttsk_00","Straight stock","Straight stock","Crosse droite","Прямой приклад",
"HoneyBadgerbttsk_01","The stock used for fighting in confined spaces. Has a light weight, slightly reduces recoil","The stock used for fighting in confined spaces. Has a light weight, slightly reduces recoil","Une crosse utilisée pour combattre dans des espaces confinés. A un poids léger, réduit légèrement le recul","Приклад, используемый для боев в закрытых пространствах. Имеет облегченнй вес, слабо уменьшает отдачу",
"HoneyBadger_00","The Honey Badger is a modern submachine gun designed and manufactured by the Advanced Armament Corporation (AAC). The weapon is designed on the basis of the AR-15 assault rifle in .300AC caliber","The Honey Badger is a modern submachine gun designed and manufactured by the Advanced Armament Corporation (AAC). The weapon is designed on the basis of the AR-15 assault rifle in .300AC caliber","Le Honey Badger est une mitraillette moderne conçue et fabriquée par Advanced Armament Corporation (AAC). L'arme est conçue sur la base du fusil d'assaut AR-15 en calibre .300AC","Honey Badger — современный пистолет-пулемёт, разработанный и производимый компанией Advanced Armament Corporation (AAC). Оружие сконструировано на основе штурмовой винтовки AR-15 калибра .300AC",
"Famas_00","The assault rifle developed by the MAS weapons enterprise in Saint-Etienne) is a French 5.56 mm machine gun with a bullpup layout. Uses 5.56x45mm cartridge","The assault rifle developed by the MAS weapons enterprise in Saint-Etienne) is a French 5.56 mm machine gun with a bullpup layout. Uses 5.56x45mm cartridge","Le fusil d'assaut développé par l'entreprise d'armement MAS à Saint-Etienne) est une mitrailleuse française de 5,56 mm avec une disposition bullpup. Utilise une cartouche de 5,56 x 45 mm","Штурмовая винтовка разработки оружейного предприятия MAS в Сент-Этьене) — французский автомат калибра 5,56 мм, имеющий компоновку «булл-пап». Использует патрон 5.56х45мм",
"FamasMag_00","Famas Assault Rifle Magazine","Famas Assault Rifle Magazine","Chargeur Pour Famas","Магазин для штурмовой винтовки Famas",
"AugA3_00","A set of small arms, released in 1977 by the Austrian company Steyr-Daimler-Puch (now Steyr Mannlicher AG & Co KG). In Austria, the rifle is licensed under the F88 brand. Uses 5.56x45mm cartridge","A set of small arms, released in 1977 by the Austrian company Steyr-Daimler-Puch (now Steyr Mannlicher AG & Co KG). In Austria, the rifle is licensed under the F88 brand. Uses 5.56x45mm cartridge","Un ensemble d'armes légères, sorti en 1977 par la société autrichienne Steyr-Daimler-Puch (maintenant Steyr Mannlicher AG & Co KG). En Autriche, le fusil est licencié sous la marque F88. Utilise une cartouche de 5,56 x 45 mm","Комплекс стрелкового оружия, выпущенный в 1977 году австрийской компанией Steyr-Daimler-Puch (ныне Штайр Манлихер AG & Co KG). В Австрии винтовка выпускается по лицензии под маркой F88. Использует патрон 5.56х45мм",
"G36_00","A family of small arms developed in the early 1990s by the German company Heckler & Koch to replace the well-known HK G3 automatic rifle. Uses 5.56x45mm cartridge","A family of small arms developed in the early 1990s by the German company Heckler & Koch to replace the well-known HK G3 automatic rifle. Uses 5.56x45mm cartridge","Une famille d'armes légères développée au début des années 1990 par la société allemande Heckler & Koch pour remplacer le célèbre fusil automatique HK G3. Utilise une cartouche de 5,56 x 45 mm","Cемейство стрелкового оружия, разработанное в начале 1990-х немецкой компанией Heckler & Koch для замены хорошо известной автоматической винтовки HK G3. Использует патрон 5.56х45мм",
"M110_00","The M110 is an American sniper rifle developed by the Knight's Armament Company based on the Mk11 mod. 0 to complement and replace the M24 sniper rifle in the US Army. Uses caliber .308","The M110 is an American sniper rifle developed by the Knight's Armament Company based on the Mk11 mod. 0 to complement and replace the M24 sniper rifle in the US Army. Uses caliber .308","Le M110 est un fusil de sniper américain développé par la Knight's Armament Company sur la base du mod Mk11. 0 pour compléter et remplacer le fusil de sniper M24 de l'armée américaine. Utilise le calibre .308","M110 — американская снайперская винтовка, разработанная компанией Knight’s Armament Company на основе Мк11 mod. 0 для дополнения и замены снайперской винтовки M24 в армии США. Использует калибр .308",
"M110Mag_00","M110 sniper rifle magazine","M110 sniper rifle magazine","Chargeur de fusil de sniper M110","Магазин для снайперской винтовки М110",
"BttskM110_00","M110 stock","M110 stock","Crosse M110","Приклад M110",
"BttskM110_01","M110 sniper rifle stock","M110 sniper rifle stock","Crosse de fusil de sniper M110","Приклад для снайперской винтовки M110",
"M200_00","The CheyTac M200, also called the Intervention, is an advanced sniper rifle manufactured by Cheyenne Tactical. It is based on the EDM Arms Windrunner.","The CheyTac M200, also called the Intervention, is an advanced sniper rifle manufactured by Cheyenne Tactical. It is based on the EDM Arms Windrunner.","Le CheyTac M200, également appelé Intervention, est un fusil de sniper avancé fabriqué par Cheyenne Tactical. Il est basé sur l'EDM Arms Windrunner.","CheyTac M200, также известная как Intervention, представляет собой усовершенствованную снайперскую винтовку, производимую Cheyenne Tactical. Он основан на EDM Arms Windrunner.",
"Origins12_00","The Origin-12 is a semi-automatic shotgun partially borrowed from the Saiga-12 shotgun. Uses a 12-gauge cartridge","The Origin-12 is a semi-automatic shotgun partially borrowed from the Saiga-12 shotgun. Uses a 12-gauge cartridge","L'Origin-12 est un fusil de chasse semi-automatique partiellement emprunté au fusil de chasse Saiga-12. Utilise une cartouche de calibre 12","Origin-12 - это полуавтоматическое ружье, частично заимствованное из ружья Сайга-12. Использует патрон 12-го калибра",
"OriginMag_00","ORIGIN Shotgun Drum","ORIGIN Shotgun Drum","Tambour de fusil de chasse ORIGINE","Барабан для дробовика ORIGIN",
"OriginMag_01","Shotgun magazine ORIGIN","Shotgun magazine ORIGIN","Chargeur de fusil de chasse ORIGINE","Магазин для дробовика ORIGIN",
"Originbttsk_00","ORIGIN Shotgun Stock","ORIGIN Shotgun Stock","Crosse de fusil de chasse ORIGINE","Приклад для дробовика ORIGIN",
"Originbttsk_01","Improved stock for the ORIGIN shotgun","Improved stock for the ORIGIN shotgun","Crosse améliorée pour le fusil de chasse ORIGIN","Улучшенный приклад для дробовика ORIGIN",
"Originbttsk_02","ORIGIN standard shotgun stock","ORIGIN standard shotgun stock","Crosse de fusil de chasse standard ORIGINE","Стандартный приклад для дробовика ORIGIN",
"RPK16_00","RPK-16","RPK-16","RPK-16","РПК-16",
"RPK16_01","Russian light machine gun of 5.45 × 39 mm caliber. It is an initiative development of the Kalashnikov concern. This machine gun is being tested as a potential replacement for the Kalashnikov RPK-74 light machine gun, both in conventional troops and in special forces.","Russian light machine gun of 5.45 × 39 mm caliber. It is an initiative development of the Kalashnikov concern. This machine gun is being tested as a potential replacement for the Kalashnikov RPK-74 light machine gun, both in conventional troops and in special forces.","Mitrailleuse légère russe de calibre 5,45 × 39 mm. Il s'agit d'une initiative de développement du groupe Kalachnikov. Cette mitrailleuse est testée pour remplacer la mitrailleuse légère Kalachnikov RPK-74, à la fois dans les troupes conventionnelles et dans les forces spéciales.","Российский ручной пулемёт калибра 5,45 × 39 мм. Является инициативной разработкой концерна Калашников. Этот пулемёт отрабатывается как потенциальная замена ручному пулемету Калашникова РПК-74, как в обычных войсках, так и в подразделениях специального назначения",
"RPKDRUM_00","Drum RPK16","Drum RPK16","TAMBOUR RPK-16","РПК-16 DRUM",
"RPKDRUM_01","Drum for RPK-16 light machine gun. Holds 90 rounds","Drum for RPK-16 light machine gun. Holds 90 rounds","Tambour pour mitrailleuse légère RPK-16. Peut contenir 90 cartouches","Барабан для ручного пулемёта РПК-16. Вмещает 90 патрон",
"RPK16Hdng_00","Handguard for RPK-16","Handguard for RPK-16","Handguard Pour RPK-16","Цевье для РПК-16",
"RPK16Bttsk_00","RPK-16 buttstock","RPK-16 buttstock","RPK-16 buttstock","Приклад РПК-16",
"RPK16Bttsk_01","Stock for RPK-16 light machine gun","Stock for RPK-16 light machine gun","Crosse pour mitrailleuse légère RPK-16","Приклад для ручного пулемёта РПК-16",
"Tac21_00","American large-caliber sniper rifle. Uses .338 Lapua Magnum cartridge","American large-caliber sniper rifle. Uses .338 Lapua Magnum cartridge","Fusil de précision américain de gros calibre. Utilise une cartouche .338 Lapua Magnum","Американская крупнокалиберная снайперская винтовка. Использует патрон .338 Lapua Magnum",
"VSSK_00","VSSK Vykhlop","VSSK Vykhlop","VSSK Vykhlop","VSSK Выхлоп",
"VSSK_01","Russian silent large-caliber sniper rifle, made according to the bullpup layout. Developed by special order of the Special Purpose Center of the FSB of Russia together with the ASh-12 large-caliber assault rifle. Uses a 12.7x55 cartridge","Russian silent large-caliber sniper rifle, made according to the bullpup layout. Developed by special order of the Special Purpose Center of the FSB of Russia together with the ASh-12 large-caliber assault rifle. Uses a 12.7x55 cartridge","Fusil de sniper silencieux russe de gros calibre, fabriqué selon la disposition bullpup. Développé sur commande spéciale du Centre spécial du FSB de Russie avec le fusil d'assaut de gros calibre ASh-12. Utilise une cartouche 12,7x55","Российская бесшумная крупнокалиберная снайперская винтовка, выполненная по компоновке булл-пап. Разработана по специальному заказу Центра Специального Назначения ФСБ России вместе с крупнокалиберным автоматом АШ-12. Использует патрон 12.7x55",
"VSSKMag_00","Rifle magazine VSSK","Rifle magazine VSSK","Chargeur de fusil VSSK","Магазин для винтовки VSSK",
"Abakan_00","An-94 is a russian unique gun that can fire 2 bullets per shot. Uses 5.45x39 caliber","An-94 is a russian unique gun that can fire 2 bullets per shot. Uses 5.45x39 caliber","Arme russe unique pouvant tirer 2 balles par coup utilise le calibre 5.45x39","АН-94 Абакан уникальное оружие Никонова, которое при выстреле выпускает 2 пули одновремеено. Использует 5.45х39 калибр",